<Ui xmlns="http://www.blizzard.com/wow/ui/" xmlGUIS:xsi="http://www.w3.org/2001/XMLSchema-instance" xsi:schemaLocation="http://www.blizzard.com/wow/ui/ ..\FrameXML\UI.xsd">
	<Script file="LibStub/LibStub.lua"/>
	<Include file="CallbackHandler-1.0/CallbackHandler-1.0.xml"/>
	<Script file="LibSharedMedia-3.0/LibSharedMedia-3.0.lua"/>
	<Include file="Ace3/AceAddon-3.0/AceAddon-3.0.xml"/>
	<Include file="Ace3/AceDB-3.0/AceDB-3.0.xml"/>
	<Include file="Ace3/AceDBOptions-3.0/AceDBOptions-3.0.xml"/>
	<Include file="Ace3/AceGUI-3.0/AceGUI-3.0.xml"/>
	<Include file="Ace3/AceGUI-3.0-SharedMediaWidgets/widget.xml"/>
	<Include file="Ace3/AceSerializer-3.0/AceSerializer-3.0.xml"/>
</Ui>
